data;gringos_comprados;gringos_vendidos;institucionais_comprados;institucionais_vendidos;bancos_comprados;bancos_vendidos
07/05/2018;216607;48718;174098;291008;83123;134413
08/05/2018;217585;51977;186969;292963;83248;144343
09/05/2018;231600;44029;180988;297645;89108;161783
10/05/2018;219275;54534;197022;304914;96848;158098
11/05/2018;223987;51787;196991;301741;93688;167058
14/05/2018;233837;55557;197415;298605;96648;174228
15/05/2018;226713;41067;194087;294638;80058;164293
16/05/2018;236893;38692;184099;300195;91232;167877
17/05/2018;257430;32669;183011;310350;99642;192714
18/05/2018;257173;38434;195912;307344;110767;209464
21/05/2018;267532;36646;204067;330546;124577;220344
22/05/2018;265104;37706;205268;330943;137294;229756
23/05/2018;261974;47421;212218;318568;131744;228261
24/05/2018;264452;47716;204131;314849;150254;243171
25/05/2018;268105;49881;217291;328356;165639;267166
28/05/2018;261470;47666;225870;324665;181841;292048
29/05/2018;280432;68910;264694;364227;203461;312688
30/05/2018;318651;84349;316770;418477;230306;360353
01/06/2018;266821;30274;171785;295790;103734;217262
04/06/2018;286115;39144;179508;296122;98889;233422
05/06/2018;323840;42502;182305;311621;90939;247657
06/06/2018;318811;44764;201383;318247;78145;239028
07/06/2018;330123;49871;223015;320159;90585;278228
08/06/2018;377269;45086;209989;366819;120638;308606
11/06/2018;399097;41054;228204;414414;129813;316516
12/06/2018;393256;48626;245201;424423;152593;335901
13/06/2018;391688;44731;263392;474086;158183;315526
14/06/2018;415296;53659;302747;484021;154767;355575
15/06/2018;437753;67837;331112;515420;174038;389986
18/06/2018;454783;67585;332553;525353;184163;405426
19/06/2018;447824;73248;339155;535453;200493;406701
20/06/2018;450125;71580;341566;546568;195495;398228
21/06/2018;455626;76850;354200;560063;209345;411083
22/06/2018;468220;83859;363606;570259;214655;420338
25/06/2018;465373;87269;360599;571365;214730;408353
26/06/2018;460425;99018;359597;576831;232638;404996
27/06/2018;483950;129292;397858;613538;233373;399106
28/06/2018;549198;197445;441547;643597;270860;450938
29/06/2018;564673;191924;446969;649830;274335;475753
02/07/2018;219190;92006;193596;258997;139705;200823
03/07/2018;214096;91446;191815;261012;149890;200908
04/07/2018;216647;86746;191438;255901;146195;211868
05/07/2018;231367;80646;193495;261733;134713;212341
06/07/2018;231643;84438;196384;259981;125593;207121
10/07/2018;235923;88043;196956;256663;126653;216976
11/07/2018;251640;84786;184335;249284;125851;229221
12/07/2018;239695;77293;187206;245183;124766;230201
13/07/2018;254345;71768;197487;260221;110231;232969
16/07/2018;274347;74890;198787;271843;100236;235132
17/07/2018;271992;72065;197559;267230;103261;238752
18/07/2018;273003;75255;203938;267380;86186;225667
19/07/2018;272344;68740;204698;271376;92376;234822
20/07/2018;258150;88330;215828;282953;106015;216020
23/07/2018;270204;97335;218182;282288;114035;226783
24/07/2018;268771;97594;217265;288824;125135;230568
25/07/2018;279885;115343;222671;301655;125390;222068
26/07/2018;283571;122373;224486;303666;137485;227888
27/07/2018;290684;150213;239941;331644;149650;208998
30/07/2018;373911;221850;292218;409801;252952;292900
31/07/2018;328617;190655;344621;407615;288333;369406
01/08/2018;216589;114705;274878;173362;90523;311903
02/08/2018;222714;111871;277774;178917;89538;315823
03/08/2018;221963;127326;277996;193478;113003;309443
06/08/2018;224538;124892;278183;193954;115548;317568
07/08/2018;230077;123850;300637;219549;114753;317693
08/08/2018;231216;123273;302144;216427;110143;319688
09/08/2018;240409;111159;304403;214838;98808;328773
10/08/2018;249832;115930;296578;207745;104093;337778
13/08/2018;248110;114180;293208;190452;101552;343043
14/08/2018;243102;107614;300892;206224;101682;334718
15/08/2018;247867;125756;301288;210223;115772;331133
16/08/2018;248469;149551;304589;210438;123619;321258
17/08/2018;244800;159281;310750;198855;121204;318428
20/08/2018;248326;150476;318093;199494;114984;329343
21/08/2018;241849;154516;319906;187180;118619;331043
22/08/2018;256110;154153;311403;208881;137934;331488
23/08/2018;253942;146568;305474;209709;130959;325943
24/08/2018;257692;133518;310098;207738;123744;344013
27/08/2018;251695;130434;311566;222333;139834;347128
28/08/2018;267476;148707;320866;236156;176384;375338
29/08/2018;264312;165877;345218;249556;203548;392377
30/08/2018;285562;162969;406474;321678;251153;457737
31/08/2018;311397;172033;422459;355874;259603;463617
03/09/2018;218363;61488;234184;297224;91508;165703
04/09/2018;208247;70299;237379;291842;99948;164658
05/09/2018;216120;72508;238825;303957;101413;159818
06/09/2018;239691;69868;240272;332205;105358;168408
10/09/2018;256571;75573;229131;332714;100833;164233
11/09/2018;251543;75986;245059;329106;101498;174258
12/09/2018;247177;80638;250388;337297;101053;161853
13/09/2018;245796;91939;260110;331802;104223;163343
14/09/2018;235342;98934;260016;330489;111888;156273
17/09/2018;231386;101149;246577;319434;114988;152103
18/09/2018;235213;104920;249398;322324;120856;156953
19/09/2018;229407;119529;264309;328283;132359;159113
20/09/2018;236235;133679;263225;322942;132409;157758
21/09/2018;237217;147369;254696;307189;147508;172513
24/09/2018;231962;153782;255550;301255;149148;170273
25/09/2018;227835;186907;251325;269473;180498;191418
26/09/2018;227884;231232;270960;291077;217168;189858
27/09/2018;256355;282565;410826;450557;350946;277435
28/09/2018;268015;290237;491398;492782;376671;344490
01/10/2018;186429;143674;384978;298899;149056;291585
02/10/2018;213454;157314;368807;302723;159181;294640
03/10/2018;278872;115948;338781;324041;124846;317905
04/10/2018;303860;114823;329629;327738;124642;333320
05/10/2018;315637;124969;335995;338236;130218;336085
08/10/2018;327041;134215;350815;369958;145002;338010
09/10/2018;340337;142836;352954;383212;145182;336785
10/10/2018;348100;154714;352113;386997;148153;329720
11/10/2018;356380;149310;350542;402425;149728;326755
15/10/2018;342599;155513;351384;395828;160307;324764
16/10/2018;347524;149448;352141;398358;160405;333144
17/10/2018;338766;170533;357036;390275;170210;325084
18/10/2018;352911;166898;355195;394414;162780;327554
19/10/2018;349549;175443;355894;391886;170250;326434
22/10/2018;368685;188620;354585;408946;182930;325394
23/10/2018;382344;184327;353775;419983;189115;336399
24/10/2018;387814;196112;363877;417405;189295;339079
25/10/2018;433512;261838;364298;390368;194524;350573
26/10/2018;447902;264425;362714;387630;195803;368264
29/10/2018;444747;239662;355626;407305;212313;374554
30/10/2018;440198;231370;458742;534977;238480;386148
31/10/2018;461436;242065;488666;573704;262495;412058
01/11/2018;224306;77754;220300;396013;123414;106968
05/11/2018;232618;73538;220262;398833;113979;105933
06/11/2018;236255;77595;219771;392442;113899;109903
07/11/2018;234384;79156;224150;398344;113574;106633
08/11/2018;240976;73831;226274;409630;111094;106963
09/11/2018;235114;72025;227051;415809;117464;103260
12/11/2018;232229;70604;227252;421851;128309;105660
13/11/2018;241504;60704;230347;429266;125329;115850
14/11/2018;255781;71810;233446;416486;135679;148130
16/11/2018;254568;79835;224698;418562;150109;143078
19/11/2018;259062;66993;228303;419126;149979;162430
21/11/2018;269459;87038;233867;431087;156471;153582
22/11/2018;274242;84943;234101;440344;152506;147272
23/11/2018;289167;86404;234128;447307;151396;150775
26/11/2018;314028;93054;231457;452512;163981;163740
27/11/2018;340057;132654;286295;513882;182459;161775
28/11/2018;344046;135641;316546;574205;216038;168154
29/11/2018;391146;192438;387652;655161;255276;187795
30/11/2018;390171;206419;446269;740682;304481;195805
03/12/2018;284614;141119;238120;421075;149106;117121
04/12/2018;300182;143187;239401;436346;146206;111416
05/12/2018;304308;144907;234957;438596;154874;121071
06/12/2018;308569;151468;235241;432850;161904;125506
07/12/2018;307069;152294;237717;432545;156414;120996
10/12/2018;307893;139329;236253;436763;158517;129776
11/12/2018;308465;155639;235820;442829;176919;127116
12/12/2018;312892;180388;243009;453531;186599;122966
13/12/2018;316078;160751;243407;471377;187269;128006
14/12/2018;314570;176010;244255;477535;201441;120126
17/12/2018;312966;200899;247530;468636;218051;123297
18/12/2018;313182;211004;247993;462535;224111;126467
19/12/2018;311072;235096;257978;472008;250726;127177
20/12/2018;294671;246961;273321;481805;281651;137242
21/12/2018;291937;263490;275560;484847;318446;153431
26/12/2018;279272;273878;276649;497238;369486;168206
27/12/2018;292994;292021;365464;597812;413291;195936
28/12/2018;285634;331344;424583;638453;452146;204001
02/01/2019;175751;129766;288413;429004;180642;100716
03/01/2019;196472;120289;283393;460492;189315;101994
04/01/2019;208157;127484;281160;476864;200480;100274
07/01/2019;216819;131938;281234;490361;207040;97679
08/01/2019;223150;131740;284759;496165;205104;101788
09/01/2019;240545;145158;285039;506837;206164;99818
10/01/2019;253086;149787;293556;522017;210514;103442
11/01/2019;254385;147367;295672;535881;219564;105373
14/01/2019;252652;139041;295829;547056;229779;111378
15/01/2019;254851;140780;307194;549286;223184;114603
16/01/2019;261295;164145;307432;544118;233414;112168
17/01/2019;278871;162910;313235;559252;231614;119138
18/01/2019;283682;150020;310754;557807;210179;113718
21/01/2019;278995;150710;311733;556354;214289;114508
22/01/2019;286267;168679;320424;557553;221139;116908
23/01/2019;292803;200017;324289;558111;236069;110733
24/01/2019;309960;219874;323526;561943;255199;120498
28/01/2019;329277;246555;327379;564797;265279;127398
29/01/2019;345194;254129;341366;588022;278322;141856
30/01/2019;375736;292639;380336;629299;333045;186344
31/01/2019;443935;436634;405674;655821;466741;246680
01/02/2019;348539;177900;193889;373384;194499;211608
04/02/2019;353869;175729;193290;379116;195834;212668
05/02/2019;350501;185314;194496;368284;206306;222860
06/02/2019;353688;164735;198215;361359;189751;235435
07/02/2019;360282;136460;202819;380709;180533;250485
08/02/2019;355023;127245;202305;395096;186243;244605
11/02/2019;360206;162425;203888;381142;202128;243765
12/02/2019;369430;173636;210484;379466;207023;258930
13/02/2019;377887;163993;213682;374169;194486;268358
14/02/2019;412504;195659;212911;382779;201141;267708
15/02/2019;415728;210199;216587;383789;201981;261813
18/02/2019;412453;209598;211786;378119;203336;259628
19/02/2019;419813;212386;215114;375379;205166;275033
20/02/2019;412551;212788;215242;372418;207986;272593
21/02/2019;422782;216517;209760;371108;212881;273408
22/02/2019;406782;230678;213548;375835;228953;261535
25/02/2019;416227;237785;213109;375154;238481;273993
26/02/2019;400795;227061;221373;373550;259938;298385
27/02/2019;430366;277151;310760;458254;326355;356721
28/02/2019;466301;299828;325367;457869;316935;373251
01/03/2019;354538;146674;154411;304278;160258;230850
06/03/2019;351362;138769;153882;295268;161533;241400
07/03/2019;347717;145014;165406;287287;158283;244030
08/03/2019;338408;157985;167402;286718;180008;245590
11/03/2019;330537;160715;172504;289994;178168;237515
12/03/2019;329604;172132;172735;287830;173013;223835
13/03/2019;324996;172885;171862;283166;175598;225340
14/03/2019;332462;172305;175778;286108;194853;248570
15/03/2019;328844;200109;184063;290801;200603;227905
18/03/2019;333027;201095;183483;304458;202451;223423
19/03/2019;336022;192770;185242;309772;193871;223508
20/03/2019;335283;221029;197860;308217;213341;229378
21/03/2019;344883;221774;200357;309604;209466;230563
22/03/2019;343773;208207;210447;284301;192056;248823
25/03/2019;332169;199415;214445;284062;210556;271233
26/03/2019;349017;201267;214549;280832;206018;281635
27/03/2019;348713;226470;280440;306237;206420;291690
28/03/2019;363199;271868;352710;382305;312740;364055
29/03/2019;371450;252194;343207;393067;334940;396985
01/04/2019;193848;100111;211993;249046;167032;242445
02/04/2019;191120;87904;216060;269052;174677;245065
03/04/2019;186691;86289;228838;289986;187597;247695
04/04/2019;183220;75959;235681;298068;178737;243720
05/04/2019;186062;71098;231553;306498;181102;242225
08/04/2019;180601;78946;239280;316491;184905;233668
09/04/2019;177508;74261;242996;315119;167165;221833
10/04/2019;172804;88145;241303;317478;181225;216243
11/04/2019;178154;82041;235935;314449;182585;221238
12/04/2019;197100;101761;237033;296753;181330;239123
15/04/2019;188629;107510;247480;298730;192925;245038
16/04/2019;203331;93963;245125;303794;182945;250848
17/04/2019;207624;95736;249602;297391;178180;261388
18/04/2019;203829;97921;245303;292802;188040;264193
22/04/2019;209819;96336;246470;296044;184410;265853
23/04/2019;233521;118019;262691;302129;187775;278623
24/04/2019;256177;125179;271541;290110;178280;301618
25/04/2019;253359;127706;269788;287947;168280;290803
26/04/2019;224977;149627;281133;278849;197465;294593
29/04/2019;230536;161777;335794;341962;246750;330235
30/04/2019;289562;210691;364797;387319;269487;351935
02/05/2019;191656;78442;210709;284675;131530;192362
03/05/2019;186985;80506;210903;293444;131525;179487
06/05/2019;196005;79749;239132;315728;127035;188819
07/05/2019;203711;88287;245337;306626;129735;203604
08/05/2019;218285;107690;255902;321917;126873;192842
09/05/2019;235489;116122;269513;335218;117855;189766
10/05/2019;254619;109982;267962;338572;114285;208971
13/05/2019;266019;111777;273736;325881;111168;231259
14/05/2019;264562;112840;277556;320396;112873;239614
15/05/2019;278265;129245;280468;303041;109283;251664
16/05/2019;284756;127487;275695;294765;121603;270711
17/05/2019;290572;127492;287836;298742;132108;288866
20/05/2019;282891;131817;297250;300590;135018;289061
21/05/2019;263464;126499;283046;281462;144250;287093
22/05/2019;260742;129222;277983;270784;148315;295438
23/05/2019;261527;133723;280853;272169;159093;303271
24/05/2019;278892;137367;276738;280370;159235;307253
27/05/2019;276353;130335;279690;282465;158220;313388
28/05/2019;274421;134762;290235;284610;169685;325194
29/05/2019;268172;147671;309299;302284;171745;309951
30/05/2019;264530;168850;345527;333500;230679;346841
31/05/2019;283180;249665;368925;344948;297529;362201
03/06/2019;159419;117711;182556;230776;189082;206690
04/06/2019;166138;123916;180236;235775;194172;206295
05/06/2019;164351;116197;180125;229990;185331;205385
06/06/2019;162057;132582;183087;234013;196446;197730
07/06/2019;164402;136587;178816;241777;202956;191490
10/06/2019;184637;113037;184288;243689;159746;195095
11/06/2019;185584;131286;178913;245477;175991;189295
12/06/2019;184228;128142;179150;243872;172426;189195
13/06/2019;217160;131977;178898;263582;166531;194090
14/06/2019;215097;131092;182985;255516;166676;197005
17/06/2019;215079;148807;192708;255836;175671;197125
18/06/2019;218492;160682;187416;265732;193691;193335
19/06/2019;228208;162171;181966;275004;201171;196080
21/06/2019;233961;173408;189871;278850;210551;204235
24/06/2019;223239;182260;198336;285711;239262;215041
25/06/2019;214264;191591;210957;286681;254182;218816
26/06/2019;223326;217074;242008;324021;229417;173006
27/06/2019;234207;265902;379106;455112;349436;264185
28/06/2019;244729;331559;446400;469226;377482;287671
01/07/2019;175901;184585;346536;250282;138466;243926
02/07/2019;176287;187845;359405;255332;151796;263696
03/07/2019;179837;185564;360961;272954;159316;262741
04/07/2019;181816;193517;360174;284133;166641;261146
05/07/2019;192048;180615;355463;292131;171151;275161
08/07/2019;190128;179677;356695;295141;179861;281411
10/07/2019;211931;195194;369053;318092;195091;295509
11/07/2019;227957;196821;368846;335554;197936;297064
12/07/2019;227905;195922;369102;344134;212373;305739
15/07/2019;240638;182218;370142;345296;207788;326299
16/07/2019;246564;210287;367110;346607;223668;315758
17/07/2019;257701;225137;364266;358185;235318;310013
18/07/2019;266371;246369;365465;370847;242023;298448
19/07/2019;286982;249357;362300;368610;238493;304553
22/07/2019;288265;245483;362031;362423;235788;313808
23/07/2019;300108;235316;362611;376798;236913;318293
24/07/2019;311246;254804;361542;381479;244793;314853
25/07/2019;320964;257442;371690;376627;230023;324338
26/07/2019;322143;270064;366217;378436;262262;336582
29/07/2019;322245;270585;371688;385818;270983;340553
30/07/2019;347671;287140;429370;445851;326421;403926
31/07/2019;381992;480440;507835;459472;468171;454261
01/08/2019;299589;294621;248630;324933;265391;210846
02/08/2019;317816;262634;241832;349189;253676;214481
05/08/2019;301719;256581;249159;331897;253696;220941
06/08/2019;300719;247791;250829;333747;251751;225096
07/08/2019;307150;241166;252891;336495;238581;221236
08/08/2019;314146;241361;247117;344052;246256;225806
09/08/2019;301499;237546;250590;331513;244761;227541
12/08/2019;311293;235471;249538;316905;235236;240051
13/08/2019;342311;254181;244173;332283;238221;240491
14/08/2019;355989;266821;248456;312114;225640;248840
15/08/2019;348379;268110;241093;306852;228750;243665
16/08/2019;351360;267611;241224;302613;229425;251865
19/08/2019;362798;269151;244388;293655;214450;253410
20/08/2019;361765;281000;244814;296564;219395;244665
21/08/2019;359044;281101;249701;314354;231875;240385
22/08/2019;370120;291701;252778;303142;227045;246510
23/08/2019;375016;304326;259758;307183;243800;257715
26/08/2019;373843;307781;266177;299124;241825;263715
27/08/2019;410036;314083;267621;316674;241445;277185
28/08/2019;401579;331016;283802;328975;267400;278795
29/08/2019;432963;356100;294260;371693;291811;274436
30/08/2019;442926;362488;301074;436897;352946;281481
02/09/2019;272492;93561;139044;331985;151926;148916
03/09/2019;282139;124044;137104;335294;176131;150751
04/09/2019;291151;139104;139291;362568;193711;141991
05/09/2019;303260;138943;149371;388503;200896;145896
06/09/2019;308850;145919;154028;407836;214773;144636
09/09/2019;314417;134525;158700;425904;215428;149266
10/09/2019;309006;129358;158048;428483;211063;141401
11/09/2019;316363;130447;161487;445210;209521;133379
12/09/2019;312193;131070;164137;443907;215723;137986
13/09/2019;312924;126238;167173;459061;228033;143546
16/09/2019;311688;134445;167915;446915;232423;150631
17/09/2019;318363;143678;169255;447002;244606;159434
18/09/2019;315563;138175;179477;462307;244168;152961
19/09/2019;325745;149451;187528;438969;247596;181529
20/09/2019;306036;146386;193731;428213;259365;191888
23/09/2019;283489;144049;189996;405873;268625;196728
24/09/2019;282425;158031;191836;401662;287942;205015
25/09/2019;283756;164303;192428;406978;293357;208010
26/09/2019;304667;172191;193429;424662;327737;238725
27/09/2019;324346;194583;323717;588552;376160;251588
30/09/2019;323920;212655;340195;607517;424675;274993
01/10/2019;233263;100638;250133;431099;187801;148231
02/10/2019;236554;129058;251315;419967;203181;150956
03/10/2019;225555;146309;254415;436447;223041;137186
04/10/2019;225348;152464;253822;449047;242696;137711
07/10/2019;232066;143381;259217;465020;242771;141424
08/10/2019;251990;164541;259359;455841;239361;145804
09/10/2019;257745;154543;255348;453098;239741;157709
10/10/2019;262588;161554;259079;463391;246496;153564
11/10/2019;275510;176381;263054;477436;267356;159159
14/10/2019;286224;173256;268215;476668;260280;171721
15/10/2019;295273;168761;270133;478140;258101;178432
16/10/2019;296952;171195;270018;475905;254425;176136
17/10/2019;301087;176199;280249;467302;239295;177116
18/10/2019;296352;188185;280071;473368;261235;176576
21/10/2019;306440;186413;287680;474287;250971;183877
22/10/2019;295183;196745;304231;482414;254131;175512
23/10/2019;294096;203390;303328;507769;283514;173815
24/10/2019;289267;183138;304062;519491;290139;184710
25/10/2019;279120;182617;302995;517837;302135;190601
28/10/2019;281996;201117;322707;543120;320900;189126
29/10/2019;300174;235538;329107;542387;333064;190770
30/10/2019;293577;236249;371236;573003;382109;242965
31/10/2019;337258;273506;395825;605649;403802;263470
01/11/2019;272958;112719;164824;355096;158208;143155
04/11/2019;283364;114979;174255;360243;166033;158895
05/11/2019;288484;90803;179785;381819;158698;165645
06/11/2019;301428;88750;174024;362120;150538;176930
07/11/2019;300849;88160;181681;365468;128068;156500
08/11/2019;324672;96730;181391;353801;118323;167870
11/11/2019;327296;93527;180799;358226;119298;170535
12/11/2019;346341;94275;190948;361669;113720;188110
13/11/2019;358511;105700;188402;356698;107190;183035
14/11/2019;367523;115325;193521;359958;107589;183630
18/11/2019;372804;121226;203821;355928;107325;196351
19/11/2019;372035;126810;215442;356536;114595;207626
21/11/2019;380192;122775;244395;389876;111730;212141
22/11/2019;382253;124743;259200;417344;121184;207405
25/11/2019;353606;111590;283967;432517;117984;198230
26/11/2019;375014;123760;322055;433968;119549;242220
27/11/2019;421802;163106;308930;420975;116049;246325
28/11/2019;457419;194365;321271;454926;136559;251710
29/11/2019;454893;206781;390194;470656;158263;309520
02/12/2019;285462;103559;199492;356268;132761;160550
03/12/2019;289221;109891;202850;366564;135337;153620
04/12/2019;301887;101888;206147;397936;135306;148869
05/12/2019;306263;108234;207637;397253;134130;147296
06/12/2019;322888;115198;219750;396386;131975;170487
09/12/2019;305818;105987;219705;394031;131135;166148
10/12/2019;309738;114400;224012;393785;142260;176243
11/12/2019;268563;105455;232402;401210;152550;157733
12/12/2019;277835;121749;221614;402369;152056;138050
13/12/2019;286666;143434;225532;407618;157116;134815
16/12/2019;270499;149960;224460;402928;175802;133896
17/12/2019;318550;196431;227736;428539;188502;126661
18/12/2019;309388;192995;222131;435058;214962;136561
19/12/2019;304323;186410;225798;436695;225592;149146
20/12/2019;308405;183157;224408;446960;243697;162261
23/12/2019;292582;182914;226945;459143;255262;149476
26/12/2019;298295;199699;231627;474203;298367;173106
27/12/2019;350125;243966;246184;500873;336987;208161
30/12/2019;353220;281828;261524;543961;444512;251681
02/01/2020;261378;154984;201465;331954;212661;200701
03/01/2020;265585;165365;210363;350003;221976;194796
06/01/2020;273358;165454;210604;347853;211215;193465
07/01/2020;272280;144809;212763;366499;200570;185535
08/01/2020;280954;158721;215722;384245;199500;167185
09/01/2020;289137;169329;218250;397175;212892;165120
10/01/2020;287442;169819;223825;402600;216807;166965
13/01/2020;290898;154332;224079;400952;216356;180425
14/01/2020;293400;155531;230282;405797;216556;181680
15/01/2020;303589;153986;219038;399238;218557;186910
16/01/2020;297930;158136;219396;395719;232137;193370
17/01/2020;298762;156544;225680;405612;230902;189810
20/01/2020;301395;157728;225342;411503;237237;189410
21/01/2020;303286;145766;223086;415565;233067;191425
22/01/2020;300904;131776;220492;415914;219392;188280
23/01/2020;306431;158406;231692;418971;234982;190470
24/01/2020;310555;156229;231726;416198;238827;202370
27/01/2020;333899;171399;240581;410114;239442;222090
28/01/2020;296679;156151;243594;406050;261277;230585
29/01/2020;282161;145031;239664;396452;298477;271010
30/01/2020;281798;155692;256050;418269;356470;314688
31/01/2020;277862;187939;300797;464743;400345;318778
03/02/2020;197906;82427;185474;335861;213402;197600
04/02/2020;190358;59859;196044;355576;205672;198890
05/02/2020;205056;63343;196184;359903;211543;212910
06/02/2020;229912;58311;210990;361807;200273;239740
07/02/2020;230779;68211;220751;328035;188978;261540
10/02/2020;225675;67723;222696;332044;198828;263185
11/02/2020;234667;78091;231180;333950;195008;264160
12/02/2020;255373;89453;233150;338694;193133;265205
13/02/2020;258848;90054;212945;336699;218524;273600
14/02/2020;263927;83657;205632;339022;222629;282005
17/02/2020;261813;83124;211376;339345;218479;281025
18/02/2020;261565;102028;223871;332538;208844;271855
19/02/2020;272646;142071;256566;357614;229464;268845
20/02/2020;282984;128424;243465;349283;217854;271950
21/02/2020;280074;132279;247072;359075;229679;270190
26/02/2020;263582;142741;245006;360595;248609;258240
27/02/2020;301548;174988;321966;449279;287459;289120
28/02/2020;358793;180312;303110;471282;302879;314040
02/03/2020;263345;122435;198585;325755;149805;179884
03/03/2020;280552;117585;208785;347475;149555;184569
04/03/2020;323354;128200;198096;349813;140325;190894
05/03/2020;401329;145725;182036;360588;129950;214949
06/03/2020;423046;148734;178340;378600;155995;234474
09/03/2020;445671;157604;180191;395511;150080;229069
10/03/2020;441021;166792;181200;409482;171046;227135
11/03/2020;445488;180181;185795;411505;175266;221350
12/03/2020;436197;184300;200091;400906;176465;236569
13/03/2020;388072;189285;191326;404138;199828;196680
16/03/2020;372888;191772;187144;395160;213693;198140
17/03/2020;349553;200212;188349;390050;270735;226382
18/03/2020;354088;218870;192612;377205;302965;256512
19/03/2020;333564;220337;190357;350664;329645;281967
20/03/2020;334600;221172;191682;349105;328640;282517
23/03/2020;339408;227896;205642;346904;323210;293567
24/03/2020;332997;242618;218677;367046;343710;284792
25/03/2020;309302;244549;220274;353622;347735;278462
26/03/2020;300294;241699;212001;342726;364825;293582
27/03/2020;283644;248269;219537;334322;393890;308672
30/03/2020;347161;302404;260920;373037;409705;337822
31/03/2020;346671;337216;317081;390521;448870;374232
01/04/2020;120986;180506;247954;152461;182615;231530
02/04/2020;123687;176891;250645;152753;173040;228995
03/04/2020;128375;186099;256869;156372;175600;235145
06/04/2020;128631;195621;254585;161847;181945;225335
07/04/2020;131242;194196;250880;167103;181350;211725
08/04/2020;133376;204712;247541;174857;189660;205065
09/04/2020;135164;205925;249680;184661;189695;200800
13/04/2020;131702;201345;254734;185563;191295;214720
14/04/2020;133696;209490;254432;186110;191975;204930
15/04/2020;140189;208155;261834;187325;182630;207025
16/04/2020;146271;209903;264155;189669;185940;212101
17/04/2020;156150;205082;266124;194863;186830;227876
20/04/2020;162489;210957;277532;191240;184270;237916
22/04/2020;169833;211767;275040;194512;188010;232721
23/04/2020;180179;189797;254206;200974;196725;239536
24/04/2020;200804;176532;261360;197873;179650;270746
27/04/2020;210207;160941;273414;223306;176750;281381
28/04/2020;229388;198381;297821;247269;212069;297375
29/04/2020;306647;276352;347580;314124;311149;379540
30/04/2020;348639;282837;353255;324051;304674;400690
04/05/2020;218739;128137;182895;214657;115430;202945
05/05/2020;217892;130747;190915;225055;135325;215305
06/05/2020;213032;125427;193153;221143;136990;223300
07/05/2020;216525;129402;204280;226219;139105;223525
08/05/2020;211242;133772;220743;242434;147655;223680
11/05/2020;206213;125287;232891;244233;134340;222480
12/05/2020;207936;121442;234361;248631;137435;229465
13/05/2020;205506;128448;238314;261493;160345;235135
14/05/2020;207894;128632;236443;281726;183470;239010
15/05/2020;210852;134531;228133;274315;190735;240450
18/05/2020;205013;145348;224796;279372;214735;238050
19/05/2020;207085;150513;225921;286509;222995;244090
20/05/2020;211709;157633;224916;291573;227745;239065
21/05/2020;217914;163329;223983;298754;241655;244930
22/05/2020;217334;172225;218601;297104;259465;252482
25/05/2020;222360;168480;208992;302861;264205;252157
26/05/2020;224402;174405;210533;308979;272625;254722
27/05/2020;238593;199748;231304;319763;283015;263787
28/05/2020;247557;204520;237354;333460;327195;303837
29/05/2020;267603;228317;271736;357351;376180;356667
01/06/2020;172280;140225;163213;186574;164115;199985
02/06/2020;166190;164493;175108;190591;175650;190565
03/06/2020;179005;178423;195130;205848;182395;201705
04/06/2020;179400;166623;184905;217968;189800;198865
05/06/2020;185414;175933;189461;224951;196040;202447
08/06/2020;204793;181513;189860;227996;196655;216446
09/06/2020;199106;174043;184606;224015;191275;213261
10/06/2020;225342;175171;195710;245195;182060;218543
12/06/2020;205935;180038;208498;240463;194405;225619
15/06/2020;195587;171353;215056;251283;199060;223719
16/06/2020;197109;185408;219913;257018;212165;221863
17/06/2020;196309;193385;228251;254355;208330;221692
18/06/2020;196856;198219;229497;248166;213635;227500
19/06/2020;199892;204701;231786;244664;212435;226485
22/06/2020;198481;208481;229287;247185;216425;221339
23/06/2020;216084;222577;230472;253377;208115;213239
24/06/2020;235511;214564;230841;261951;198770;222729
25/06/2020;233419;215590;234336;269695;220923;239180
26/06/2020;226573;205454;254420;278359;227983;251170
29/06/2020;242628;221942;277769;301431;301204;326510
30/06/2020;254684;255588;301340;323875;345524;350360
01/07/2020;149940;136741;153587;222407;212446;170330
02/07/2020;161918;134703;156351;233463;209507;176015
03/07/2020;158906;135627;154820;235885;214416;173895
06/07/2020;167847;134080;157903;240436;211291;179570
07/07/2020;168482;150415;157543;231326;219491;178495
08/07/2020;171598;149255;153040;249704;235583;176175
09/07/2020;173184;165340;150033;250748;254468;176710
10/07/2020;174182;167565;153037;250232;256775;181415
13/07/2020;191542;170190;159934;256219;253130;193845
14/07/2020;190627;166234;159813;245991;248812;203115
15/07/2020;196481;169346;158643;258208;252360;194198
16/07/2020;193883;176239;161989;250170;247984;194885
17/07/2020;207694;180409;160692;257149;248454;194200
20/07/2020;209819;188821;159238;258483;259285;196511
21/07/2020;220186;210329;156895;261421;267030;190219
22/07/2020;226770;219291;163463;270515;265315;184235
23/07/2020;221730;207506;166858;271990;260155;185930
24/07/2020;220837;212666;170898;278060;267085;182572
27/07/2020;232362;212321;165552;286319;268770;183187
28/07/2020;246784;219453;171055;304578;272200;184066
29/07/2020;263126;234618;175614;315006;283910;185001
30/07/2020;285105;271448;219773;350957;321660;219883
31/07/2020;322789;290483;222936;368601;352815;247893
03/08/2020;285453;127855;137465;294855;175865;158755
04/08/2020;263467;116510;143693;279169;178610;170068
05/08/2020;262658;116622;137724;268284;176150;173508
06/08/2020;266501;118093;142348;258586;171075;183567
07/08/2020;281288;120343;142689;255579;160460;189437
10/08/2020;274236;112787;143922;252271;162215;197887
11/08/2020;257067;112328;143554;250503;162598;189925
12/08/2020;271878;110193;141230;256340;165163;197945
13/08/2020;267412;110788;152352;278007;165699;183650
14/08/2020;266282;106475;154747;282464;160933;178775
17/08/2020;260006;108435;157897;266975;155140;180935
18/08/2020;257789;108336;156276;285980;161380;166335
19/08/2020;267184;114516;161333;288477;161270;173860
20/08/2020;265034;107065;154734;299384;162360;163025
21/08/2020;271061;109670;150994;291786;155365;165045
24/08/2020;266412;112443;160913;296033;158505;166585
25/08/2020;284948;134748;169696;303953;180221;188110
26/08/2020;302869;132536;193178;338169;185747;200375
27/08/2020;297263;137866;201933;342842;193976;202020
28/08/2020;317799;164036;235547;380164;237716;239003
31/08/2020;329861;157398;266961;415368;235306;250593
01/09/2020;184566;99995;195691;264381;148213;166115
02/09/2020;194439;93119;186563;265907;150723;174315
03/09/2020;201184;100809;177951;274612;170120;177285
04/09/2020;211452;107742;174868;271696;169562;177735
08/09/2020;210257;116036;182974;273913;170717;175455
09/09/2020;212099;119042;183248;279275;181394;180155
10/09/2020;212144;131377;192752;262446;181954;193405
11/09/2020;212603;128667;191019;268732;190080;195656
14/09/2020;214783;136903;187670;272033;197925;191880
15/09/2020;215871;141657;193930;278787;201045;189245
16/09/2020;222591;153846;196178;281709;205175;189527
17/09/2020;212163;157930;201282;281276;215945;190187
18/09/2020;214593;157094;197562;276733;221640;195976
21/09/2020;213251;168084;193012;268136;222385;189196
22/09/2020;236281;169565;178693;268676;223195;193141
23/09/2020;242990;164791;172600;263671;214825;194056
24/09/2020;234785;166010;174264;263521;220265;191621
25/09/2020;240498;169945;189741;273831;220035;197236
28/09/2020;281466;183902;190446;275125;226480;231416
29/09/2020;315626;232661;223194;335844;362410;324566
30/09/2020;356579;226417;215246;345283;347580;347161
01/10/2020;213793;155964;139164;188175;191470;192969
02/10/2020;209392;154253;135989;188040;189601;186890
05/10/2020;212545;162129;131785;189213;193476;186200
06/10/2020;211484;162590;133235;188543;188852;181834
07/10/2020;203560;171826;139938;194796;193267;168284
08/10/2020;202930;178899;150902;197083;188603;166169
09/10/2020;200994;188592;156766;198788;190568;163429
13/10/2020;206034;177607;153044;201751;186498;165934
14/10/2020;207906;186522;157315;213009;201928;166229
15/10/2020;202150;182387;152762;209645;211723;174144
16/10/2020;215015;180354;152979;211175;207488;182799
19/10/2020;212051;178914;155321;210603;208493;186944
20/10/2020;209916;167229;152253;208630;199798;189374
21/10/2020;220603;168897;151513;211829;200793;196164
22/10/2020;220980;180087;156464;210902;204423;195219
23/10/2020;226239;179997;157063;217315;208463;197514
26/10/2020;228284;192302;160251;214853;209553;194424
27/10/2020;238685;207594;175331;239062;224428;194174
28/10/2020;252419;251699;194693;247674;261621;214366
29/10/2020;245058;256259;246236;312591;381236;308716
30/10/2020;252531;278489;268326;308036;378446;319791
03/11/2020;211934;111390;159141;233128;180583;198278
04/11/2020;213792;118487;164734;233281;183487;202788
05/11/2020;217805;130349;165150;234518;183142;194598
06/11/2020;225975;142760;156348;231460;200562;205918
09/11/2020;235820;166297;158469;241717;233225;217883
10/11/2020;245045;181135;157611;239931;248530;227058
11/11/2020;254641;206564;156737;239615;274305;237427
12/11/2020;247503;199147;156193;247170;295575;250862
13/11/2020;262371;205612;146669;257874;312190;254417
16/11/2020;260516;216822;144419;263824;328910;249112
17/11/2020;288902;250221;138589;273256;357625;261507
18/11/2020;299999;281866;149378;270312;363345;259117
19/11/2020;310659;306026;149816;271090;374250;257162
20/11/2020;314024;307141;149840;276624;375925;253562
23/11/2020;319409;319337;165569;279507;373420;255757
24/11/2020;315404;329002;173184;283052;387020;260212
25/11/2020;332864;344327;181332;300835;402520;269522
26/11/2020;328058;342752;196321;311832;408285;276902
27/11/2020;331756;357190;260564;383020;439695;290222
30/11/2020;376678;401271;282109;460106;502170;295422
01/12/2020;274210;214891;187807;337678;257740;157470
02/12/2020;291353;214290;177431;330761;248615;171965
03/12/2020;308958;238218;178675;341102;267765;179820
04/12/2020;306177;236278;179164;344770;279250;183585
07/12/2020;314137;235972;171247;345894;288235;194005
08/12/2020;328025;282120;226327;339959;265030;199685
09/12/2020;337564;339742;283998;339933;258678;205807
10/12/2020;340003;345622;285148;353212;273748;208767
11/12/2020;349797;399028;345648;368855;283128;220092
14/12/2020;349933;395956;344157;367187;283844;222613
15/12/2020;350556;401451;347130;370368;290739;222408
16/12/2020;376195;415923;334795;375220;301539;228003
17/12/2020;377393;409612;327115;380699;312214;233878
18/12/2020;385131;415055;321368;382522;324159;241578
21/12/2020;384251;416560;324558;377922;322574;243543
22/12/2020;391424;430679;315727;383888;347014;248483
23/12/2020;398833;428392;337685;416689;361094;253538
28/12/2020;406617;455077;336955;422578;392669;263638
29/12/2020;417283;469692;382392;505706;477504;304968
30/12/2020;435177;502578;384528;516296;522436;330343
04/01/2021;253759;187971;231945;380839;300429;216209
05/01/2021;242900;189511;233367;375277;300524;211814
06/01/2021;255725;199895;234417;376956;301447;213039
07/01/2021;267207;186497;234670;378919;285842;220599
08/01/2021;280717;199971;236841;379835;284291;225999
11/01/2021;280657;203656;245051;367020;277641;235219
12/01/2021;272639;213983;246324;375622;293520;235994
13/01/2021;267485;219047;250712;366847;297995;241444
14/01/2021;268542;223377;249946;363038;303430;250444
15/01/2021;272269;224922;253544;353688;285900;248964
18/01/2021;279989;224972;252256;360740;291580;253579
19/01/2021;282524;236571;252803;355423;294920;253914
20/01/2021;277324;246141;252053;352678;303825;251834
21/01/2021;287163;244942;249025;355918;306340;256989
22/01/2021;287767;243413;248287;351883;301485;255639
26/01/2021;308373;263693;253287;358928;317644;270664
27/01/2021;334168;277978;255369;368165;324084;271784
28/01/2021;414052;355050;324249;443107;356579;300309
29/01/2021;419743;392122;341339;560861;536109;347634
01/02/2021;272203;184322;108688;351075;286019;148709
02/02/2021;267568;188299;111325;351315;299919;158559
03/02/2021;284993;186660;110690;369924;302238;161468
04/02/2021;290755;184740;111341;372782;305898;172223
05/02/2021;290176;176776;111540;378106;305623;174363
08/02/2021;293731;173060;115423;382485;308443;184683
09/02/2021;311146;162960;116681;385798;309068;202713
10/02/2021;287943;165985;119311;374675;320048;206743
11/02/2021;289943;190423;119438;375304;344303;209318
12/02/2021;284557;215837;130521;378160;382388;222610
17/02/2021;302410;209952;132403;380575;366693;227785
18/02/2021;306817;221610;137059;382062;388383;244868
19/02/2021;297002;214276;136890;376207;385563;244353
22/02/2021;295855;232194;139316;353890;388293;249556
23/02/2021;302321;245314;190187;412497;401810;250463
24/02/2021;330956;287316;207019;430232;420554;255267
25/02/2021;334487;268327;359996;583809;421539;274412
26/02/2021;363196;271329;360413;599348;465819;287577
01/03/2021;266728;159046;255446;343959;203388;223248
02/03/2021;266465;177657;255233;337097;227923;233293
03/03/2021;271683;180668;247106;344577;237908;228788
04/03/2021;272866;191073;246444;349993;255498;232813
05/03/2021;265762;187098;249736;346014;269351;252538
08/03/2021;257420;193438;258341;328897;270441;263268
09/03/2021;250431;196594;261665;314475;269121;269573
10/03/2021;249600;195594;263489;312678;274673;284190
11/03/2021;255758;206797;261540;329679;293983;285650
12/03/2021;260327;198782;268965;337385;299019;303266
15/03/2021;261923;223462;272536;339451;328294;309211
16/03/2021;256491;248845;281077;342422;362804;318725
17/03/2021;256628;248682;281858;343497;366854;322701
18/03/2021;259956;258752;281397;347094;383774;328786
19/03/2021;260645;280842;277022;343398;414434;344221
22/03/2021;271446;281827;285090;344022;416594;360706
23/03/2021;260101;301337;286839;338511;442974;363266
24/03/2021;270591;323862;285715;331007;448789;359816
25/03/2021;252626;329615;291114;327483;479029;375691
26/03/2021;258354;348171;291155;332731;502765;380717
29/03/2021;283944;373351;305166;338782;492030;372987
30/03/2021;295078;395835;369789;399445;507602;393859
31/03/2021;307410;411630;397570;397558;547364;452746
01/04/2021;224312;194216;206014;255730;275657;256862
05/04/2021;215971;214526;207595;256500;289492;248457
06/04/2021;218495;211480;206747;251267;283744;251954
07/04/2021;226693;207015;207684;252597;285339;264979
08/04/2021;229983;222615;209542;252250;295029;267089
09/04/2021;236260;209760;211430;259950;289089;271549
12/04/2021;228783;205320;213306;264149;278789;259514
13/04/2021;234118;214510;212993;267546;280409;248289
14/04/2021;240443;230097;216099;266505;279979;246794
15/04/2021;254219;256217;222234;272584;292329;248301
16/04/2021;257701;252220;225497;279166;288094;251121
19/04/2021;262883;253400;222962;279068;284639;250821
20/04/2021;271343;264120;218777;284208;304819;258626
22/04/2021;273828;286540;221009;275985;321219;268206
23/04/2021;289329;294390;215951;282882;330979;273482
26/04/2021;283729;315390;217488;287042;360364;276434
27/04/2021;274880;317534;226740;286861;366279;280949
28/04/2021;298041;365274;240041;304274;399344;286679
29/04/2021;359670;417497;414769;481963;425249;324294
30/04/2021;379910;416442;426480;511309;445029;347399
03/05/2021;290252;115385;181027;422790;224430;192380
04/05/2021;282149;121608;190746;417838;228740;198215
05/05/2021;275228;142822;192845;431474;259880;197765
06/05/2021;282295;148242;185892;433080;270575;200615
07/05/2021;287425;160281;190777;430691;274205;206490
10/05/2021;278213;157845;204846;427799;270355;213870
11/05/2021;276834;164110;215103;427472;279560;223255
12/05/2021;281863;168235;216126;424599;281525;226140
13/05/2021;290526;166970;207178;422299;278920;228285
14/05/2021;283271;175553;213951;426139;296440;234705
17/05/2021;293875;179873;207521;429263;312750;245530
18/05/2021;298319;181617;204512;431524;322528;252878
19/05/2021;294406;191062;216025;426665;330948;263083
20/05/2021;307816;203852;210449;432879;340403;266198
21/05/2021;313981;206482;208356;427751;347198;273548
24/05/2021;317485;212387;208830;428694;349323;274813
25/05/2021;311580;233052;220219;428518;371408;282873
26/05/2021;321679;243862;227609;436992;386638;298218
27/05/2021;334983;283748;265224;477266;408003;293168
28/05/2021;345414;307578;324717;544525;458428;325798
31/05/2021;352104;318963;338574;571422;507803;354058
01/06/2021;232986;154736;177800;408147;292255;172045
02/06/2021;245606;157281;167044;408961;294450;176165
04/06/2021;253758;155656;171033;410707;287690;182915
07/06/2021;256526;160713;183175;414580;284285;187690
08/06/2021;256591;150382;172795;422111;293025;187505
09/06/2021;256649;152190;174280;411435;304700;210205
10/06/2021;258699;150892;175978;411626;304130;217205
11/06/2021;254192;160856;175571;410533;317715;219780
14/06/2021;263045;164564;182683;410732;313990;231665
15/06/2021;260337;161860;188329;414477;314670;236215
16/06/2021;267827;169790;188761;408793;325440;243890
17/06/2021;245862;180205;197939;405454;342530;241820
18/06/2021;269609;175450;195317;416117;336905;246560
21/06/2021;270320;193725;180968;416255;365490;248775
22/06/2021;275272;208103;189253;430827;383830;258365
23/06/2021;289933;254458;183560;430485;426140;260400
24/06/2021;311685;261213;176888;440010;432420;271945
25/06/2021;334587;280799;177602;442640;450645;292210
28/06/2021;355580;301306;196789;459638;453330;301205
29/06/2021;386152;323867;235902;494232;521870;378970
30/06/2021;415301;328663;281586;568069;585005;428900
01/07/2021;289652;155574;128826;467708;338040;160880
02/07/2021;264555;160686;136016;465694;344955;151260
05/07/2021;264135;163751;136274;466787;351000;154355
06/07/2021;256382;164661;130082;462657;367875;157285
07/07/2021;239293;178687;130186;447428;389405;159440
08/07/2021;224069;185412;132481;447349;402765;154380
12/07/2021;215229;199348;139853;444355;415210;157135
13/07/2021;210233;204971;138363;436404;424810;163035
14/07/2021;214091;219140;136584;436734;435945;165490
15/07/2021;224630;216381;135835;444963;437335;166770
16/07/2021;219270;224991;135959;445882;453715;167470
19/07/2021;218446;224593;138093;445690;458250;174255
20/07/2021;214255;242317;140545;440271;473089;171055
21/07/2021;221916;253932;143931;442728;474629;172710
22/07/2021;229296;258243;141545;444832;478325;175145
23/07/2021;226397;267852;143105;440043;479224;173245
26/07/2021;235455;293575;146603;443875;495668;174305
27/07/2021;241235;298961;149938;446519;491548;177695
28/07/2021;250104;293665;168462;465752;489345;188938
29/07/2021;298332;351815;295742;593304;527870;215534
30/07/2021;310770;372256;308539;635088;568760;211594
02/08/2021;222929;98586;194919;445646;267585;170520
03/08/2021;226059;123890;195500;442738;293085;178980
04/08/2021;224631;127510;201617;441123;290291;179485
05/08/2021;214957;136567;205489;435194;299346;179085
06/08/2021;217766;128511;209045;436504;291085;184000
09/08/2021;221481;133384;212045;434729;286953;185115
10/08/2021;223716;140582;207584;431673;289521;186745
11/08/2021;231568;144559;204585;439376;298273;190715
12/08/2021;229770;140654;210632;429995;284743;191890
13/08/2021;223327;153952;219516;423476;294136;196210
16/08/2021;223433;152688;221342;419377;289651;202225
17/08/2021;217034;152596;224317;418915;291836;203885
18/08/2021;219383;144745;230056;416444;278961;209855
19/08/2021;206724;148241;239434;416767;277246;210510
20/08/2021;204884;150494;243880;414538;278404;216225
23/08/2021;216674;152279;248753;412441;268839;221335
24/08/2021;224596;162684;248997;421712;265319;213445
25/08/2021;238687;170149;246707;422463;255389;209090
26/08/2021;221721;171754;244079;426939;280555;207306
27/08/2021;205867;183204;258487;442123;303691;209737
30/08/2021;238383;211621;312785;501930;315301;218472
31/08/2021;247219;259641;342034;554385;373651;212812
01/09/2021;181809;164689;191126;425615;294108;121553
02/09/2021;178741;178732;195736;417909;304238;128093
03/09/2021;173071;180127;198177;419935;312773;126913
06/09/2021;169629;180092;198320;422211;316398;126813
08/09/2021;176037;170902;201235;422714;306898;133268
09/09/2021;171005;171514;194897;422979;317170;135648
10/09/2021;182655;173733;191836;426989;317550;135468
13/09/2021;187396;174843;187507;428989;318748;136783
14/09/2021;189791;183643;179104;420621;326433;136698
15/09/2021;192919;191798;178835;422076;334954;137523
16/09/2021;210161;200318;174341;435087;352737;143418
17/09/2021;195499;193178;178568;427727;348237;143293
20/09/2021;197919;203448;179848;420997;353392;149493
21/09/2021;190640;201288;179717;425262;359792;147268
22/09/2021;190086;197368;175153;429918;373111;153813
23/09/2021;190593;199396;175128;435782;384966;156023
24/09/2021;194962;192196;174867;435591;383047;164908
27/09/2021;201223;210651;191603;446618;411373;185329
28/09/2021;212787;235850;204847;441065;451210;229533
29/09/2021;226213;238737;232373;481315;514165;289783
30/09/2021;251667;235311;226093;545178;575117;307223
01/10/2021;220705;98745;125560;449304;331659;154470
04/10/2021;227534;98418;128353;449181;329532;158410
05/10/2021;224429;98324;130075;448630;330060;155905
06/10/2021;229929;99379;130990;447955;332589;164414
07/10/2021;222439;102809;133458;449106;341727;163804
08/10/2021;218760;101667;131654;450440;347932;162044
11/10/2021;222640;97072;131006;450987;343167;166094
13/10/2021;237575;94959;128788;447297;327982;169799
14/10/2021;254287;92367;124327;450491;341428;194109
15/10/2021;256620;94508;125102;457826;351911;202514
18/10/2021;274896;91488;123218;467698;354801;211884
19/10/2021;273364;96414;128268;458165;353276;215954
20/10/2021;279304;102151;126206;458186;354166;213974
21/10/2021;300980;111259;131569;459903;339531;207059
22/10/2021;302458;116343;140337;448020;329456;211314
25/10/2021;308848;129328;145822;448286;328266;210139
26/10/2021;320693;147143;151968;448531;325641;207714
27/10/2021;348487;178938;164807;462279;336171;214629
28/10/2021;365317;196958;232566;518748;339982;224320
29/10/2021;403746;231500;248314;581493;382922;223555
01/11/2021;220167;147957;193497;363883;225960;144645
03/11/2021;206195;157282;196712;359021;234095;144470
04/11/2021;211680;155875;194728;359942;231848;147805
05/11/2021;212290;169600;199588;361482;247443;153540
08/11/2021;219875;177977;200401;364138;251203;155860
09/11/2021;218535;199132;203255;362767;271953;158520
10/11/2021;227554;201817;197677;362353;275718;162760
11/11/2021;227565;209857;196872;357689;289233;175030
12/11/2021;230699;215792;196771;359545;294861;178590
16/11/2021;234424;211097;192478;357907;293571;180190
17/11/2021;237061;203523;190291;359701;292721;184430
18/11/2021;233268;207517;192636;359060;306531;189950
19/11/2021;231545;212347;184633;356968;317565;189210
22/11/2021;227242;218346;187195;352756;320013;187985
23/11/2021;247765;220403;189298;354087;310840;193805
24/11/2021;251065;219593;186417;357376;312930;193355
25/11/2021;249400;221378;189709;360593;319635;197400
26/11/2021;245536;215569;200026;357779;310749;212785
29/11/2021;281684;274206;282157;435676;360984;239325
30/11/2021;307413;289403;284490;498372;414505;241490
01/12/2021;181043;117277;188409;359955;202970;125805
02/12/2021;178853;115207;186224;361000;207230;129875
03/12/2021;185303;119972;182120;366586;215585;129400
06/12/2021;183758;124016;182560;367852;224290;131830
07/12/2021;180218;132766;185444;369536;236695;133050
08/12/2021;185902;140101;187184;372350;247470;142010
09/12/2021;196630;135321;184573;373007;242335;148705
10/12/2021;213307;129240;180538;376899;232404;153285
13/12/2021;220872;124940;174406;378952;231659;155470
14/12/2021;225022;134035;178152;377718;245234;167740
15/12/2021;235962;130098;178964;383255;248722;181305
16/12/2021;237567;150356;188882;385647;264125;183235
17/12/2021;235542;161191;197761;381661;291230;212105
20/12/2021;234402;169218;199052;372412;298287;222165
21/12/2021;241387;181458;196333;376489;315102;225860
22/12/2021;235277;190093;193569;376402;322672;219845
23/12/2021;242157;193253;191289;376562;328050;225253
27/12/2021;238717;199313;196177;375885;365675;258793
28/12/2021;245548;227280;206021;382325;392121;265772
29/12/2021;269273;251205;264973;440422;420941;299982
30/12/2021;267014;296465;296331;441631;432841;295472
03/01/2022;189668;162326;189975;282595;114751;86080
04/01/2022;196583;164513;185095;283970;121823;89870
05/01/2022;201998;165879;179723;281688;121609;90800
06/01/2022;205463;173288;178560;288830;136343;95405
07/01/2022;193828;177423;177846;291116;153298;96550
10/01/2022;203743;187542;178698;292050;158544;101360
11/01/2022;184948;192012;180533;300500;186499;98685
12/01/2022;182523;205122;181464;309975;214153;104950
13/01/2022;184083;214041;177659;306480;219712;101645
14/01/2022;186038;209961;179925;307451;211922;101710
17/01/2022;187083;210216;177462;306788;212777;101830
18/01/2022;191504;220894;177504;299771;215185;104420
19/01/2022;196209;237824;179338;304110;230347;105757
20/01/2022;202933;246225;181328;312474;248108;115557
21/01/2022;216613;273465;184661;310417;263323;122447
24/01/2022;220023;294192;183845;302864;281523;126057
25/01/2022;218638;294010;183890;307876;295063;135857
26/01/2022;229504;311144;184414;312365;308354;136430
27/01/2022;248397;313331;205678;336627;324175;165534
28/01/2022;267393;332150;350201;482925;440606;278682
31/01/2022;275774;363238;384848;547123;486224;273142
01/02/2022;193389;143317;202495;423102;213978;89510
02/02/2022;207339;114737;202467;424714;218808;135355
03/02/2022;219509;122094;206072;423914;214700;137715
04/02/2022;208673;124893;202960;415596;226644;139725
07/02/2022;208048;125123;201645;417606;234504;145265
08/02/2022;208193;129660;199584;412045;239146;151575
09/02/2022;211291;124710;199378;419447;245731;158890
10/02/2022;201816;137935;208001;419550;261926;166110
11/02/2022;208056;151473;207665;424766;274651;166655
14/02/2022;215316;148898;203904;430965;270626;162415
15/02/2022;221718;156158;205819;436442;278631;169930
16/02/2022;236952;165986;213732;453156;281776;177285
17/02/2022;257507;196306;220186;459600;271961;157510
18/02/2022;249762;203021;224893;464427;284811;157140
21/02/2022;256328;212721;226862;462617;281921;161550
22/02/2022;262249;220717;241471;480526;280711;153570
23/02/2022;283545;242907;254116;490957;301671;174300
24/02/2022;309722;258830;378666;587091;330439;237583
25/02/2022;322310;289271;400055;622062;378274;253018
02/03/2022;222120;120953;238867;451311;173463;124838
03/03/2022;240865;139170;240550;451492;181093;132298
04/03/2022;251430;133200;236450;456177;180483;137283
07/03/2022;255870;136855;231400;458297;192203;140693
08/03/2022;264370;139970;232293;462985;183613;133478
09/03/2022;271084;147500;224735;480531;216163;143373
10/03/2022;281149;160459;226318;479186;216784;143398
11/03/2022;280329;161531;222212;477268;222374;147223
14/03/2022;274344;163092;222080;476380;240454;156823
15/03/2022;270869;160458;220268;474628;258465;172213
16/03/2022;264014;169868;222699;481829;262585;155038
17/03/2022;264594;169455;223958;483298;257692;153813
18/03/2022;270569;169610;224487;482985;262705;165773
21/03/2022;270359;177819;222433;489277;270460;161123
22/03/2022;281109;183678;219243;506825;299562;174373
23/03/2022;291594;184505;228457;520226;287271;167903
24/03/2022;304496;176298;223202;522425;288906;187138
25/03/2022;300311;186642;222219;521643;306201;193123
28/03/2022;314741;201789;256080;555358;312492;203908
29/03/2022;301022;200042;337897;635028;338819;216291
30/03/2022;340903;239655;524525;837730;397765;260722
31/03/2022;353366;243813;520900;866183;413533;252810
01/04/2022;243494;95988;299107;586785;181528;88488
04/04/2022;248659;94021;300512;595347;188713;95788
05/04/2022;256674;90283;298577;598154;182047;95618
06/04/2022;260879;95985;301043;601429;183223;96393
07/04/2022;270644;101270;308222;595483;181793;110638
08/04/2022;282574;100004;311221;598025;181585;123633
11/04/2022;297369;98197;321600;602144;180028;146658
12/04/2022;303139;107621;322864;603044;187963;150298
13/04/2022;320719;109356;323240;598525;182393;165503
14/04/2022;325050;116706;330146;594492;175298;169758
18/04/2022;326669;123787;341582;591687;171344;178458
19/04/2022;330123;128576;332546;589936;178404;179113
20/04/2022;353510;141866;325501;592403;195744;197058
22/04/2022;359981;146334;323777;579239;201286;211598
25/04/2022;368316;154474;338204;597147;219840;229442
26/04/2022;361695;150119;340197;593143;221587;229355
27/04/2022;369456;163816;344379;617290;237629;217441
28/04/2022;391457;167782;412459;665279;269243;285626
29/04/2022;393851;178474;437021;673912;285245;308161
02/05/2022;206482;69677;281593;461237;126401;127565
03/05/2022;196507;75317;288293;461007;134066;129085
04/05/2022;217577;80827;304529;472075;123678;140955
05/05/2022;213042;76393;315027;464195;129304;163765
06/05/2022;211569;82426;326677;465624;130554;161620
09/05/2022;205570;85975;334094;460724;123136;162197
10/05/2022;199689;83089;334763;460347;135505;172122
11/05/2022;190144;85300;340023;455854;133998;166077
12/05/2022;205075;88653;312478;450608;139133;159887
13/05/2022;212246;87332;316845;453825;129021;158517
16/05/2022;233665;89764;323108;461830;132202;177357
17/05/2022;237260;98314;317971;465528;131362;162917
18/05/2022;250003;94298;316408;469617;122474;166322
19/05/2022;243421;100248;315886;466865;122806;156472
20/05/2022;243083;101308;314226;470136;138989;170492
23/05/2022;242428;98843;309821;467827;143649;176467
24/05/2022;249108;99205;302297;468586;153624;185702
25/05/2022;240848;82540;287492;466868;171344;207767
26/05/2022;252868;94850;290391;464600;176232;216085
27/05/2022;276925;116069;321110;482773;188643;244790
30/05/2022;287937;137411;396427;559409;223833;269345
31/05/2022;292462;150426;419373;602319;248772;265170
01/06/2022;188988;55229;152582;420702;176785;95010
02/06/2022;203712;59658;150448;423118;175229;98655
03/06/2022;212134;63137;156777;431168;171098;101320
06/06/2022;209294;60116;158097;431311;167287;101547
07/06/2022;225959;63706;164849;427749;170591;119602
08/06/2022;232338;64540;168576;429473;171233;126152
09/06/2022;226194;67965;170479;420487;181193;130822
10/06/2022;228616;61419;166961;408807;166923;134857
13/06/2022;242372;73396;156437;398179;170460;142112
14/06/2022;242682;78548;151692;383136;159552;137537
15/06/2022;252512;74830;154115;396635;168318;149042
17/06/2022;245917;72681;157360;391400;175498;156897
20/06/2022;245687;72521;157766;396761;174883;152382
21/06/2022;232117;75773;158698;392885;183058;149867
22/06/2022;238787;81388;155039;392943;185358;149327
23/06/2022;239192;84161;153539;399903;185001;139102
24/06/2022;243802;85501;155992;407180;177051;129672
27/06/2022;231272;104161;157145;406807;199674;122785
28/06/2022;240262;115471;190568;437781;228644;148905
29/06/2022;299359;153769;246099;497085;261751;199199
30/06/2022;335078;167626;256038;517944;293216;239624
01/07/2022;186979;62268;167876;345981;140071;135876
04/07/2022;177169;70588;174103;344168;146241;132746
05/07/2022;193359;71270;171232;346552;153787;153206
06/07/2022;186880;85629;171087;344940;166732;147651
07/07/2022;179957;80559;168938;338924;176224;161371
08/07/2022;183377;79549;167774;338085;175784;166571
11/07/2022;197379;75411;165179;339622;179460;182244
12/07/2022;207448;87855;161888;337969;187990;186349
13/07/2022;195966;100625;163817;332180;188237;172289
14/07/2022;210271;94795;161338;334109;186032;187734
15/07/2022;212122;96235;160109;335096;184862;185794
18/07/2022;216972;98660;161060;332651;188207;193389
19/07/2022;213622;101715;163309;337765;190297;187349
20/07/2022;221422;104065;167316;339275;185737;193579
21/07/2022;237897;115215;168928;343527;178772;191469
22/07/2022;234507;119170;170249;344258;180397;185004
25/07/2022;229927;128075;174001;339511;178692;182624
26/07/2022;240517;154285;167048;368473;198042;149329
27/07/2022;265738;192779;195599;393947;234929;178251
28/07/2022;282003;205360;240087;451788;324744;263346
29/07/2022;297708;201350;257712;490063;355859;287256
01/08/2022;139640;116082;146366;353842;241131;102563
02/08/2022;144240;115812;148223;357199;243006;108988
03/08/2022;143505;116930;150696;359638;246860;108388
04/08/2022;139225;119265;152008;356100;240120;102963
05/08/2022;142350;115371;154103;356202;231315;104833
08/08/2022;152560;115915;150495;357864;231659;113853
09/08/2022;153760;114377;150572;356759;236109;122403
10/08/2022;157370;122362;147473;360060;245539;125478
11/08/2022;164460;115800;154535;364407;238927;133748
12/08/2022;156225;118792;161391;365980;241441;132318
15/08/2022;159400;137199;158742;362485;255503;134323
16/08/2022;163870;140949;149410;361468;266183;136263
17/08/2022;158360;149459;148518;362274;277973;131313
18/08/2022;159580;145104;154587;374083;280803;132118
19/08/2022;159855;163264;156226;372269;294698;130898
22/08/2022;171929;174048;156156;371181;290824;127878
23/08/2022;183741;182003;153651;375367;287257;121273
24/08/2022;181163;176796;152122;377770;282330;115803
25/08/2022;182361;187296;153217;374225;286833;115619
26/08/2022;186380;198967;156292;373669;293978;117871
29/08/2022;194497;219322;187022;408191;322728;133586
30/08/2022;250297;253487;245946;479192;376228;186106
31/08/2022;266952;285537;258529;515932;454613;217786
01/09/2022;164968;136875;188816;385126;247628;117920
02/09/2022;161447;124037;182173;385577;242718;118665
05/09/2022;156567;123634;185761;399592;248183;109060
06/09/2022;153803;135838;188500;421814;294489;115825
08/09/2022;148618;135045;188281;423737;290964;103945
09/09/2022;155983;159399;185326;427453;309859;101295
12/09/2022;166283;166603;183522;430877;307948;99535
13/09/2022;172475;173205;187995;431800;323823;119725
14/09/2022;173710;173705;189419;432309;325253;124810
15/09/2022;181465;168045;188153;423103;311898;128970
16/09/2022;203054;189434;188947;425248;318816;135600
19/09/2022;182364;195042;189061;419499;329076;126685
20/09/2022;200179;209924;184723;421923;330036;124455
21/09/2022;213374;211024;184411;426105;317001;118555
22/09/2022;246069;230845;183413;442462;340616;142940
23/09/2022;258169;239251;186736;437703;345351;158180
26/09/2022;276764;242458;187843;432406;336426;168790
27/09/2022;287564;277078;185828;421836;362701;177435
28/09/2022;296569;302542;199312;431107;386350;189504
29/09/2022;359599;358867;422583;645377;384605;203839
30/09/2022;344199;385543;471777;659548;423610;235709
03/10/2022;120043;171618;344048;363712;139256;112395
04/10/2022;126823;172259;344155;362056;127156;110720
05/10/2022;125978;169841;352475;370862;139033;121985
06/10/2022;133628;186684;350738;372290;150581;126120
07/10/2022;136502;185973;369014;377229;156306;147390
10/10/2022;135632;191291;367723;380363;170321;149380
11/10/2022;148402;199396;370556;382711;171351;152915
13/10/2022;144997;205330;374483;380595;174751;150140
14/10/2022;155487;202451;375857;377152;169016;160735
17/10/2022;148488;214682;377482;367701;178241;161935
18/10/2022;157153;222160;375404;366807;177408;164445
19/10/2022;168093;223479;372755;366169;172793;166910
20/10/2022;183713;240024;375318;369394;175773;169795
21/10/2022;202853;251573;376763;370617;171374;176805
24/10/2022;223046;237474;373125;373624;160559;191550
25/10/2022;223377;243969;380757;366952;156189;198120
26/10/2022;222452;250074;378969;364360;178394;209785
27/10/2022;252363;275911;383726;367489;177509;218085
28/10/2022;286782;303382;428942;512643;350159;300495
31/10/2022;281947;342026;429964;530004;407319;304030
01/11/2022;130827;140914;216139;353620;203430;100605
03/11/2022;152807;162024;205977;354281;212655;101455
04/11/2022;152596;168524;205295;356875;229790;109735
07/11/2022;163770;158234;197556;341415;218785;130557
08/11/2022;146816;161899;203458;335072;231234;136697
09/11/2022;150231;162514;210012;334226;233559;146627
10/11/2022;198017;171177;230455;332827;202839;164067
11/11/2022;202356;172576;233825;327707;202084;174057
14/11/2022;222732;170426;229849;337914;196224;179005
16/11/2022;216987;169369;234031;327583;209169;198930
17/11/2022;222017;168089;248904;318401;192279;208990
18/11/2022;210862;171579;256717;325488;198024;200461
21/11/2022;219087;176554;256172;326432;194514;208637
22/11/2022;221403;178064;257217;327043;188259;199092
23/11/2022;218363;177284;256209;335572;201454;201995
24/11/2022;219907;183964;254105;341962;207154;195160
25/11/2022;226452;177904;256285;343160;197174;198192
28/11/2022;231762;180749;270184;343619;200110;214103
29/11/2022;262368;234140;293173;457609;358260;257642
30/11/2022;268631;259428;309134;489149;388920;257638
01/12/2022;121944;132890;186544;289566;175750;107112
02/12/2022;122610;144740;184048;285037;180135;103106
05/12/2022;121740;152531;186876;279084;182700;104081
06/12/2022;116860;162296;193809;283468;194925;103745
07/12/2022;116095;174586;200238;281435;206130;110167
08/12/2022;116554;184656;203182;278463;218535;118482
09/12/2022;117529;171956;202014;279884;214450;123983
12/12/2022;120239;160159;201709;278626;203605;124078
13/12/2022;109054;156554;201896;283113;197695;104198
14/12/2022;113234;154717;203448;287308;197525;108453
15/12/2022;117069;168330;207111;279325;197220;109880
16/12/2022;120207;188405;208381;280048;200465;96320
19/12/2022;125322;187370;196667;275509;203790;98670
20/12/2022;122382;208920;198190;285122;238635;102865
21/12/2022;134567;218110;196329;293241;250395;109100
22/12/2022;132437;214791;203448;399735;363725;125704
23/12/2022;132982;213415;191307;399331;387925;140763
26/12/2022;131737;214000;194085;399970;425695;178812
27/12/2022;162392;250425;220022;428117;468835;211247
28/12/2022;195152;278017;333154;537037;474924;226266
29/12/2022;192207;297447;341787;539793;493499;225918
02/01/2023;125122;132202;221365;312137;149475;83038
03/01/2023;110467;125172;218459;317676;193345;108608
04/01/2023;117897;144357;220074;317671;220905;125653
05/01/2023;106347;144062;222267;316628;226655;126954
06/01/2023;117183;152647;220104;319765;231700;130825
09/01/2023;116533;147364;216386;323574;223890;119311
10/01/2023;123083;148574;213405;336578;233950;120801
11/01/2023;135328;147409;209703;340571;235635;125761
12/01/2023;142408;147087;213488;352932;230525;122365
13/01/2023;149083;154415;214330;354055;228470;119141
16/01/2023;152308;151820;216717;354171;220215;118832
17/01/2023;150453;154916;217077;352630;222130;119897
18/01/2023;152998;143131;218378;358754;226285;131599
19/01/2023;168378;140761;223470;364711;211905;131874
20/01/2023;177868;164973;226931;361018;227735;139826
23/01/2023;191493;172002;218548;422106;299630;148331
24/01/2023;223317;171627;225515;447585;295551;160869
25/01/2023;228542;166852;229608;441751;277670;163275
26/01/2023;233783;163709;237041;451163;280655;171035
27/01/2023;273113;193289;246997;463364;327840;225960
30/01/2023;329788;246174;297082;503939;389130;303055
31/01/2023;340088;248659;286366;514638;423565;322650
01/02/2023;173174;108692;136353;325098;211070;136015
02/02/2023;170479;113340;141812;337594;213645;126460
03/02/2023;186477;103189;144808;336634;208980;147855
06/02/2023;191582;105673;146921;331143;204820;151060
07/02/2023;199922;102986;149403;337432;200175;152675
08/02/2023;211617;100478;150462;349829;205920;159150
09/02/2023;207202;105818;162023;342415;211880;165510
10/02/2023;204212;106819;171137;344238;212080;171520
13/02/2023;215982;106460;167796;344671;212985;181495
14/02/2023;219907;112345;171334;347309;213145;176345
15/02/2023;203382;109376;173568;335837;217060;180660
16/02/2023;213632;117731;174572;339656;223530;183225
17/02/2023;214487;126337;175272;347515;233730;177700
22/02/2023;215627;120667;176109;348187;233955;185685
23/02/2023;224094;150127;180374;357279;255440;182750
24/02/2023;239634;152626;203759;387739;271460;201371
27/02/2023;262586;181848;297719;485689;377770;299266
28/02/2023;271249;182544;297845;506850;398328;307306
01/03/2023;125977;80637;171263;351354;239868;136855
02/03/2023;137867;90802;173186;348102;240078;144070
03/03/2023;138515;89629;177348;345210;249688;162370
06/03/2023;140105;107148;177339;342622;266288;167275
07/03/2023;145152;108816;177982;341444;270758;173815
08/03/2023;153392;128411;178740;343562;277118;169440
09/03/2023;156312;128081;179733;349580;287673;178970
10/03/2023;164539;126603;177666;351108;293273;188370
13/03/2023;195094;135533;176373;354575;293018;203410
14/03/2023;210872;134406;177894;359106;288643;214315
15/03/2023;239069;151041;177247;352626;288273;229275
16/03/2023;225868;149180;174382;345586;295013;229880
17/03/2023;224023;143245;171267;345106;295783;231055
20/03/2023;229948;149200;171899;350633;295488;227970
21/03/2023;235608;147315;171448;356427;298423;233225
22/03/2023;236896;166147;172232;356022;302778;220480
23/03/2023;256306;166447;174326;359861;288028;224750
24/03/2023;245406;178432;178179;350069;284728;212850
27/03/2023;244012;191287;181834;355840;295158;207005
28/03/2023;268179;214086;188693;369672;307435;210187
29/03/2023;297704;245110;217899;393609;332160;233147
30/03/2023;358004;357231;264229;445233;407660;253202
31/03/2023;349534;369906;287206;463020;423590;260027
03/04/2023;180546;162565;179543;285922;161460;97665
04/04/2023;182666;141465;186942;283441;130610;107590
05/04/2023;187041;142735;191796;292810;135740;110070
06/04/2023;194231;142230;190993;300562;138880;111665
10/04/2023;195126;146090;192492;296521;143785;120720
11/04/2023;203866;168760;189537;298751;161390;119730
12/04/2023;204291;204840;196652;300416;206880;134595
13/04/2023;199256;195940;194022;303441;200025;128155
14/04/2023;208566;203230;200276;304315;201220;135695
17/04/2023;229336;202540;198764;309878;199990;141900
18/04/2023;243765;232045;199525;367768;283190;149055
19/04/2023;253030;224323;195490;363865;282820;162610
20/04/2023;254325;229223;197919;365789;285915;163555
24/04/2023;252990;223690;200131;365149;293370;178285
25/04/2023;265901;241146;220170;374603;309195;192650
26/04/2023;285186;256540;259530;400944;331445;227660
27/04/2023;337132;313456;365993;511307;370335;260015
28/04/2023;336019;309090;408561;528898;369733;287123
02/05/2023;179411;93759;249945;323150;123563;150588
03/05/2023;169747;91616;250364;330013;129373;141933
04/05/2023;194216;95976;243928;333871;137478;158133
05/05/2023;190806;94791;247306;336284;149503;170208
08/05/2023;203101;103101;249295;333643;150553;178703
09/05/2023;203436;114616;248449;332712;155488;170853
10/05/2023;206131;121826;243562;334960;165033;171688
11/05/2023;216597;130786;245868;336697;176423;185413
12/05/2023;212827;127404;242443;344234;190388;189968
15/05/2023;210244;146399;240861;349394;218853;191693
16/05/2023;232555;149521;240379;354806;214768;196968
17/05/2023;244480;160766;242984;354536;214393;198393
18/05/2023;260566;161856;238506;353129;212548;205223
19/05/2023;272863;173839;236076;354468;210423;204118
22/05/2023;277585;177264;236870;351559;200823;200128
23/05/2023;277385;189909;238915;347964;190463;181048
24/05/2023;282940;205920;241059;356762;222993;195363
25/05/2023;309575;216824;235018;357242;209208;183163
26/05/2023;304695;234464;242377;356731;227143;181103
29/05/2023;348235;279799;247065;353419;247075;203035
30/05/2023;371565;294009;325613;434157;303130;264740
31/05/2023;387798;312619;380471;470613;311705;292900
01/06/2023;108057;129260;237382;274537;134290;93510
02/06/2023;125782;141125;236506;277031;132535;95575
05/06/2023;150062;161920;234437;277577;125485;90200
06/06/2023;167462;199165;236543;276863;150080;97360
07/06/2023;172312;206729;234626;274942;147400;94635
09/06/2023;168407;212509;236482;274153;147840;81250
12/06/2023;175952;207564;236214;283685;155615;93585
13/06/2023;177087;219938;233346;282543;169180;91195
14/06/2023;181407;210453;232609;292121;175390;102605
15/06/2023;191862;216439;233705;296346;178410;105950
16/06/2023;199982;218574;229235;296191;178230;106375
19/06/2023;198902;219074;232094;302620;191130;111550
20/06/2023;211162;213291;234147;301116;186955;128035
21/06/2023;223352;238766;245525;303999;211055;144425
22/06/2023;246447;257657;242906;305424;225525;161480
23/06/2023;242162;260323;243924;300821;232140;167410
26/06/2023;245282;259460;242675;302415;235010;170250
27/06/2023;257577;251130;237971;296831;234395;192005
28/06/2023;306212;282865;251771;305109;272375;250455
29/06/2023;319507;289396;362066;416378;391795;380750
30/06/2023;324416;325386;427770;472196;441010;407865
03/07/2023;192533;201146;261149;327482;246630;161325
04/07/2023;192078;202570;263811;326655;243125;160805
05/07/2023;191768;214465;263103;329202;261000;161075
06/07/2023;212083;221252;260067;325494;255145;165780
07/07/2023;219888;238934;268483;325883;254165;162875
10/07/2023;225428;240979;271967;325497;259800;173050
11/07/2023;239508;262731;274329;335332;279380;176315
12/07/2023;246968;295181;273731;340204;322220;188525
13/07/2023;244963;298392;277594;339946;320685;188515
14/07/2023;248998;322442;279482;341659;357245;205715
17/07/2023;251793;320182;279816;343673;361910;211915
18/07/2023;250738;334271;279830;334998;368095;210795
19/07/2023;255168;343067;279225;335367;374535;212000
20/07/2023;269478;347669;279754;339304;369495;214290
21/07/2023;276568;362801;283536;333499;380215;226110
24/07/2023;277273;365314;295076;332656;382715;238670
25/07/2023;305813;380801;299923;334511;387895;255265
26/07/2023;295503;378709;300866;336391;411060;264440
27/07/2023;327155;405148;308719;349062;420210;275615
28/07/2023;404704;469563;383636;436523;451030;309470
31/07/2023;428215;482943;397269;477462;494905;338475
01/08/2023;219203;144898;166325;346401;224955;99170
02/08/2023;245105;170113;160641;348294;241025;106675
03/08/2023;268149;164358;151260;355232;247940;118595
04/08/2023;261364;156865;153862;351662;240635;120550
07/08/2023;275578;161557;152535;352747;242350;128220
08/08/2023;282958;162280;155168;359192;241700;128995
09/08/2023;281551;157665;158550;362702;244380;134990
10/08/2023;282611;150415;159683;356285;233075;139335
11/08/2023;285456;154177;158776;367646;244000;138225
14/08/2023;289661;157647;160904;369779;258095;148775
15/08/2023;295766;155322;163952;364397;251910;160525
16/08/2023;286133;168974;172071;383136;283105;159455
17/08/2023;289333;173209;169066;383881;288770;159845
18/08/2023;296346;179912;172305;385315;291890;161770
21/08/2023;306138;178596;166795;389408;296080;163610
22/08/2023;308079;186404;167598;393199;306090;164625
23/08/2023;314180;197541;170993;394663;310655;166370
24/08/2023;311652;193281;169695;397517;306755;161390
25/08/2023;313932;191381;169652;401119;305125;158705
28/08/2023;323263;187219;174097;403232;302295;167390
29/08/2023;338222;199147;182757;418563;309765;171115
30/08/2023;414671;275021;232006;459917;378905;252170
31/08/2023;421288;286596;244838;510816;435940;264700
01/09/2023;256030;110077;152098;301312;171120;141125
04/09/2023;254120;112457;153390;300259;170810;140385
05/09/2023;246550;111215;152675;294126;187930;155565
06/09/2023;246765;114190;146836;295462;185255;141165
08/09/2023;244825;110593;146607;296015;188315;142715
11/09/2023;241519;118773;144514;299496;197065;135975
12/09/2023;254465;115958;153447;297665;173600;137235
13/09/2023;243534;123168;151241;299253;184880;128855
14/09/2023;237994;118913;157385;300368;181835;137040
15/09/2023;252755;118205;148702;299739;175350;136555
18/09/2023;246440;128280;144606;300703;187990;128740
19/09/2023;249150;122065;145548;301950;189425;135905
20/09/2023;250040;126940;141263;306638;205115;139865
21/09/2023;256304;133365;138174;306398;212045;142395
22/09/2023;268212;144491;139403;308534;219705;149755
25/09/2023;294340;183804;142913;313709;247720;160310
26/09/2023;328475;236734;146596;299772;268655;178025
27/09/2023;381890;260994;164206;308777;240285;184200
28/09/2023;414703;313184;374983;530417;275605;195065
29/09/2023;419503;325394;377237;539796;316685;222945
02/10/2023;212400;130536;259010;340399;130485;103605
03/10/2023;239750;143951;278675;345249;125145;127325
04/10/2023;277305;146096;273094;337413;99525;137835
05/10/2023;287170;160676;272519;334278;94050;129405
06/10/2023;295855;186606;275745;337909;110105;130160
09/10/2023;290987;183981;271769;337480;111435;126945
10/10/2023;298719;202131;275197;331925;123540;147620
11/10/2023;283419;211089;272274;333214;139755;145635
13/10/2023;276949;210904;275952;333612;141475;151415
16/10/2023;278231;223854;277487;340689;156000;152135
17/10/2023;275146;230874;281701;343458;165570;153775
18/10/2023;267796;231424;279595;341387;180455;157520
19/10/2023;276120;232524;279496;344582;173735;153060
20/10/2023;271217;232749;282346;346749;183410;159145
23/10/2023;274797;243819;282265;348448;198245;168800
24/10/2023;275889;248639;281329;348534;211950;177300
25/10/2023;273634;258759;282285;348390;225605;179320
